-- MariaDB dump 10.17  Distrib 10.4.8-MariaDB, for Win64 (AMD64)
--
-- Host: remotemysql.com    Database: GBtyfP4tfL
-- ------------------------------------------------------
-- Server version	8.0.13-4

/*!40101 SET @OLD_CHARACTER_SET_CLIENT=@@CHARACTER_SET_CLIENT */;
/*!40101 SET @OLD_CHARACTER_SET_RESULTS=@@CHARACTER_SET_RESULTS */;
/*!40101 SET @OLD_COLLATION_CONNECTION=@@COLLATION_CONNECTION */;
/*!40101 SET NAMES utf8mb4 */;
/*!40103 SET @OLD_TIME_ZONE=@@TIME_ZONE */;
/*!40103 SET TIME_ZONE='+00:00' */;
/*!40014 SET @OLD_UNIQUE_CHECKS=@@UNIQUE_CHECKS, UNIQUE_CHECKS=0 */;
/*!40014 SET @OLD_FOREIGN_KEY_CHECKS=@@FOREIGN_KEY_CHECKS, FOREIGN_KEY_CHECKS=0 */;
/*!40101 SET @OLD_SQL_MODE=@@SQL_MODE, SQL_MODE='NO_AUTO_VALUE_ON_ZERO' */;
/*!40111 SET @OLD_SQL_NOTES=@@SQL_NOTES, SQL_NOTES=0 */;

--
-- Table structure for table `MyGuests`
--

DROP TABLE IF EXISTS `MyGuests`;
/*!40101 SET @saved_cs_client     = @@character_set_client */;
/*!40101 SET character_set_client = utf8 */;
CREATE TABLE `MyGuests` (
  `id` int(6) unsigned NOT NULL AUTO_INCREMENT,
  `firstname` varchar(30) COLLATE utf8_unicode_ci NOT NULL,
  `lastname` varchar(30) COLLATE utf8_unicode_ci NOT NULL,
  `email` varchar(50) COLLATE utf8_unicode_ci DEFAULT NULL,
  `reg_date` timestamp NULL DEFAULT CURRENT_TIMESTAMP ON UPDATE CURRENT_TIMESTAMP,
  PRIMARY KEY (`id`)
) ENGINE=InnoDB AUTO_INCREMENT=2 DEFAULT CHARSET=utf8 COLLATE=utf8_unicode_ci;
/*!40101 SET character_set_client = @saved_cs_client */;

--
-- Dumping data for table `MyGuests`
--

LOCK TABLES `MyGuests` WRITE;
/*!40000 ALTER TABLE `MyGuests` DISABLE KEYS */;
INSERT INTO `MyGuests` VALUES (1,'aaa','bbb',NULL,'2019-11-28 23:18:39');
/*!40000 ALTER TABLE `MyGuests` ENABLE KEYS */;
UNLOCK TABLES;

--
-- Table structure for table `tabDespesas`
--

DROP TABLE IF EXISTS `tabDespesas`;
/*!40101 SET @saved_cs_client     = @@character_set_client */;
/*!40101 SET character_set_client = utf8 */;
CREATE TABLE `tabDespesas` (
  `id` int(11) NOT NULL AUTO_INCREMENT,
  `date` datetime NOT NULL DEFAULT CURRENT_TIMESTAMP,
  `type` varchar(128) COLLATE utf8_unicode_ci NOT NULL,
  `description` tinytext COLLATE utf8_unicode_ci NOT NULL,
  `qt` int(11) NOT NULL DEFAULT '1',
  `amount` decimal(10,2) NOT NULL,
  PRIMARY KEY (`id`)
) ENGINE=InnoDB AUTO_INCREMENT=2 DEFAULT CHARSET=utf8 COLLATE=utf8_unicode_ci;
/*!40101 SET character_set_client = @saved_cs_client */;

--
-- Dumping data for table `tabDespesas`
--

LOCK TABLES `tabDespesas` WRITE;
/*!40000 ALTER TABLE `tabDespesas` DISABLE KEYS */;
INSERT INTO `tabDespesas` VALUES (1,'2019-12-22 13:48:06','Equipamento','PC portatil hp',1,702.50);
/*!40000 ALTER TABLE `tabDespesas` ENABLE KEYS */;
UNLOCK TABLES;

--
-- Table structure for table `tabFases`
--

DROP TABLE IF EXISTS `tabFases`;
/*!40101 SET @saved_cs_client     = @@character_set_client */;
/*!40101 SET character_set_client = utf8 */;
CREATE TABLE `tabFases` (
  `id` int(11) NOT NULL AUTO_INCREMENT,
  `Fase` text CHARACTER SET utf8 COLLATE utf8_unicode_ci NOT NULL,
  `FaseEn` tinytext COLLATE utf8_unicode_ci,
  `Level` double NOT NULL DEFAULT '0',
  `EstimatedHours` int(11) NOT NULL DEFAULT '0',
  PRIMARY KEY (`id`)
) ENGINE=InnoDB AUTO_INCREMENT=22 DEFAULT CHARSET=utf8 COLLATE=utf8_unicode_ci;
/*!40101 SET character_set_client = @saved_cs_client */;

--
-- Dumping data for table `tabFases`
--

LOCK TABLES `tabFases` WRITE;
/*!40000 ALTER TABLE `tabFases` DISABLE KEYS */;
INSERT INTO `tabFases` VALUES (1,'Implementação do elevador do robot','Robot Elevator Implementation',1,80),(2,'Implementação do desumidificador','Dehumidifier Implementation',1,120),(3,'Implementação dos painéis solares','Implementation of solar panels',1,160),(4,'Implementação do robot plantio','Implementation of the planting robot',1,320),(5,'Implementação do robot colheita','Robot Harvest Implementation',1,320),(6,'Implementação da estrutura','Structure implementation',1,80),(7,'Implementação da maquete','Mockup Implementation',1,160),(8,'Produção da maquete','Mockup Production',1,80),(9,'Produção  da estrutura','Structure Production',2,80),(10,'Implementação do site','Website Implementation',1,320),(11,'Implementação da confeção de sopa','Implementation of soup making',1,320),(12,'Implementação do processo de compostagem','Composting process implementation',1,200),(13,'Implementação do sistema elétrico','Implementation of the electrical system',1,80),(14,'Produção  do sistema elétrico','Prodution of the electrical system',2,80),(15,'Implementação da informática','Computer implementation',1,160),(16,'Implementação dos copos','Cup implementation',1,160),(17,'Implementação do robot estrutura','Implementation of the robot structure',1,80),(18,'Reunião','Reunion',2,480),(19,'Gestão','Management',2,480),(20,'Implementação das turbinas eólicas','Implementation of the wind turbines',1,160),(21,'Parcerias','Partnerships',1,100);
/*!40000 ALTER TABLE `tabFases` ENABLE KEYS */;
UNLOCK TABLES;

--
-- Table structure for table `tabFund`
--

DROP TABLE IF EXISTS `tabFund`;
/*!40101 SET @saved_cs_client     = @@character_set_client */;
/*!40101 SET character_set_client = utf8 */;
CREATE TABLE `tabFund` (
  `id` int(11) NOT NULL AUTO_INCREMENT,
  `date` datetime NOT NULL DEFAULT CURRENT_TIMESTAMP,
  `name` text COLLATE utf8_unicode_ci NOT NULL,
  `email` text COLLATE utf8_unicode_ci NOT NULL,
  `verified` tinyint(1) NOT NULL DEFAULT '0',
  `facebook` tinyint(1) NOT NULL DEFAULT '0',
  `token` tinytext CHARACTER SET utf8 COLLATE utf8_unicode_ci,
  `amount` decimal(10,2) NOT NULL,
  `comment` text COLLATE utf8_unicode_ci,
  PRIMARY KEY (`id`),
  UNIQUE KEY `ix_length_email` (`email`(255)) USING BTREE
) ENGINE=InnoDB AUTO_INCREMENT=82 DEFAULT CHARSET=utf8 COLLATE=utf8_unicode_ci ROW_FORMAT=COMPACT;
/*!40101 SET character_set_client = @saved_cs_client */;

--
-- Dumping data for table `tabFund`
--

LOCK TABLES `tabFund` WRITE;
/*!40000 ALTER TABLE `tabFund` DISABLE KEYS */;
INSERT INTO `tabFund` VALUES (61,'2020-01-05 03:35:23','Pedro Alsama','pedroalsama@gmail.com',1,1,'a276bf430cbc0d24abdd76c51ce37c48',5000.00,'por uma boa causa'),(72,'2020-01-05 22:44:12','Daniel Santos','danielchanfana@gmail.com',1,0,'53e9049e50c8bc1aff69807727142fb7',3000.00,''),(73,'2020-01-06 23:54:51','Mauro Ruben Mauro Ruben','marspluto125@gmail.com',1,1,'2ff4878c5d6f70f804226a5de2d60168',9000.00,'Good Project vote'),(78,'2020-01-07 00:51:12','Daniel Santos','superbem@gmail.com',1,1,'aa9af421c94864a1e698d4c2e8e4bb41',5000.00,'teste'),(79,'2020-01-07 23:00:02','Mauro Ruben Mauro Ruben','mauroruben101192@gmail.com',1,1,'f06cbeecb5df9bdddfb9d2b93f365d19',9000.00,NULL),(80,'2020-01-08 00:16:47','Pedro','Pedro@gmail.com',0,0,'d9195df90d2993bfdd89909e929bd753',1000.00,'Deu?'),(81,'2020-01-09 14:29:14','Kathy','vadksouvtf_1546012487@tfbnw.net',1,1,'d32b57b307a907a18ed2be662d8c62f8',1000.00,NULL);
/*!40000 ALTER TABLE `tabFund` ENABLE KEYS */;
UNLOCK TABLES;

--
-- Table structure for table `tabJobs`
--

DROP TABLE IF EXISTS `tabJobs`;
/*!40101 SET @saved_cs_client     = @@character_set_client */;
/*!40101 SET character_set_client = utf8 */;
CREATE TABLE `tabJobs` (
  `id` int(11) NOT NULL AUTO_INCREMENT,
  `date` text COLLATE utf8_unicode_ci NOT NULL,
  `name` text COLLATE utf8_unicode_ci NOT NULL,
  `email` text COLLATE utf8_unicode_ci NOT NULL,
  `phone` text COLLATE utf8_unicode_ci NOT NULL,
  `year` int(11) NOT NULL,
  `job` text COLLATE utf8_unicode_ci NOT NULL,
  `presentention` text COLLATE utf8_unicode_ci NOT NULL,
  `cv` text COLLATE utf8_unicode_ci,
  PRIMARY KEY (`id`),
  UNIQUE KEY `idxemail` (`email`(16)) USING BTREE
) ENGINE=InnoDB AUTO_INCREMENT=10 DEFAULT CHARSET=utf8 COLLATE=utf8_unicode_ci;
/*!40101 SET character_set_client = @saved_cs_client */;

--
-- Dumping data for table `tabJobs`
--

LOCK TABLES `tabJobs` WRITE;
/*!40000 ALTER TABLE `tabJobs` DISABLE KEYS */;
INSERT INTO `tabJobs` VALUES (6,'2019-12-21 20:30:48','Daniel Santos','superbem@gmail.com','939741806',1983,'engelect','terste',''),(9,'2019-12-21 21:05:18','Daniel Santos','danielchanfana@gmail.com','939741806',1984,'serralheiro','terste teste','uploads/9 8 CV 2016 pt.pdf');
/*!40000 ALTER TABLE `tabJobs` ENABLE KEYS */;
UNLOCK TABLES;

--
-- Table structure for table `tabPontos`
--

DROP TABLE IF EXISTS `tabPontos`;
/*!40101 SET @saved_cs_client     = @@character_set_client */;
/*!40101 SET character_set_client = utf8 */;
CREATE TABLE `tabPontos` (
  `id` int(11) NOT NULL AUTO_INCREMENT,
  `idWorker` int(11) NOT NULL,
  `idfase` int(11) NOT NULL,
  `start` datetime NOT NULL DEFAULT CURRENT_TIMESTAMP,
  `end` datetime DEFAULT NULL,
  `obs` tinytext CHARACTER SET utf8 COLLATE utf8_general_ci,
  PRIMARY KEY (`id`)
) ENGINE=InnoDB AUTO_INCREMENT=270 DEFAULT CHARSET=utf8 COLLATE=utf8_unicode_ci;
/*!40101 SET character_set_client = @saved_cs_client */;

--
-- Dumping data for table `tabPontos`
--

LOCK TABLES `tabPontos` WRITE;
/*!40000 ALTER TABLE `tabPontos` DISABLE KEYS */;
INSERT INTO `tabPontos` VALUES (1,1,10,'2019-11-29 19:36:00','2019-11-29 19:39:00',NULL),(2,1,10,'2019-11-29 19:40:02','2019-11-29 20:40:05',NULL),(3,1,10,'2019-11-29 15:40:40','2019-11-29 19:40:40',NULL),(4,1,10,'2019-11-29 19:12:56','2019-11-29 23:10:00',NULL),(5,1,10,'2019-11-30 01:00:00','2019-12-01 01:30:00',NULL),(6,1,6,'2019-12-02 19:00:00','2019-12-04 19:06:55',NULL),(13,1,6,'2019-12-04 19:24:16','2019-12-04 19:24:31',NULL),(14,1,8,'2019-12-04 19:25:36','2019-12-04 19:25:57',NULL),(15,1,11,'2019-12-04 19:30:31','2019-12-04 19:37:25',NULL),(16,1,4,'2019-12-04 19:37:55','2019-12-04 19:39:01',NULL),(17,1,2,'2019-12-04 19:41:57','2019-12-04 19:42:07',NULL),(18,1,1,'2019-12-04 19:42:28','2019-12-04 19:43:02',NULL),(19,1,17,'2019-12-04 20:19:18','2019-12-04 21:48:10',NULL),(20,1,7,'2019-12-04 21:48:22','2019-12-04 22:01:34',NULL),(21,1,7,'2019-12-04 22:01:44','2019-12-04 22:41:23',NULL),(24,2,3,'2019-12-04 22:07:31','2019-12-04 23:02:27',NULL),(25,1,7,'2019-12-04 22:41:27','2019-12-04 22:41:29',NULL),(26,1,7,'2019-12-04 22:41:30','2019-12-04 22:41:32',NULL),(27,1,7,'2019-12-04 22:41:33','2019-12-04 22:41:34',NULL),(28,1,7,'2019-12-04 22:41:35','2019-12-04 22:41:37',NULL),(29,1,7,'2019-12-04 22:41:39','2019-12-04 22:41:43',NULL),(30,1,7,'2019-12-04 22:41:44','2019-12-04 22:41:47',NULL),(31,1,7,'2019-12-04 22:41:49','2019-12-04 22:41:53',NULL),(33,1,10,'2019-12-04 23:13:09','2019-12-04 23:40:30',NULL),(34,1,10,'2019-12-04 23:42:06','2019-12-04 23:45:58',NULL),(35,1,10,'2019-12-04 23:54:07','2019-12-04 23:54:19',NULL),(36,1,10,'2019-12-04 23:54:27','2019-12-04 23:55:06',NULL),(37,1,10,'2019-12-04 23:55:19','2019-12-04 23:58:34',NULL),(38,1,10,'2019-12-05 00:15:29','2019-12-05 00:15:33',NULL),(39,1,10,'2019-12-05 14:39:08','2019-12-05 14:39:40',NULL),(40,1,5,'2019-12-05 14:39:49','2019-12-05 14:52:15',NULL),(41,1,5,'2019-12-05 14:52:48','2019-12-05 14:54:04',NULL),(42,1,5,'2019-12-05 15:04:29','2019-12-05 15:05:00',NULL),(43,1,10,'2019-12-05 15:17:26','2019-12-05 15:18:30',NULL),(44,1,10,'2019-12-06 21:48:51','2019-12-06 21:51:19',NULL),(45,1,10,'2019-12-06 21:51:26','2019-12-06 21:51:41',NULL),(46,1,10,'2019-12-06 21:53:24','2019-12-06 21:53:33',NULL),(47,1,10,'2019-12-06 22:40:52','2019-12-06 22:41:09',NULL),(48,1,10,'2019-12-08 01:34:45','2019-12-08 01:35:13',NULL),(49,1,10,'2019-12-08 01:35:20','2019-12-08 01:36:09',NULL),(50,1,10,'2019-12-08 01:36:22','2019-12-08 01:36:35',NULL),(51,1,10,'2019-12-08 01:36:37','2019-12-08 01:40:40',NULL),(52,1,10,'2019-12-08 01:40:41','2019-12-08 01:40:48',NULL),(53,1,10,'2019-12-08 01:40:51','2019-12-08 01:40:59',NULL),(54,1,10,'2019-12-08 01:41:08','2019-12-08 01:41:09',NULL),(55,1,10,'2019-12-08 01:44:27','2019-12-08 01:44:55',NULL),(56,1,10,'2019-12-08 01:44:56','2019-12-08 01:47:00',NULL),(57,1,10,'2019-12-08 01:47:26','2019-12-08 01:47:26',NULL),(58,1,10,'2019-12-08 01:49:37','2019-12-08 01:49:48',NULL),(59,1,10,'2019-12-08 01:49:48','2019-12-08 01:51:37',NULL),(60,1,10,'2019-12-08 01:52:52','2019-12-08 01:52:59',NULL),(61,1,10,'2019-12-08 01:53:03','2019-12-08 01:56:43',NULL),(62,1,10,'2019-12-08 02:01:06','2019-12-08 02:01:45',NULL),(63,1,10,'2019-12-08 02:02:39','2019-12-08 02:04:20',NULL),(64,1,10,'2019-12-08 02:05:47','2019-12-08 02:06:01',NULL),(65,1,10,'2019-12-08 02:09:30','2019-12-08 02:10:08',NULL),(66,1,10,'2019-12-08 02:11:22','2019-12-08 02:24:06',NULL),(67,1,10,'2019-12-08 02:24:09','2019-12-08 02:24:20',NULL),(68,1,10,'2019-12-08 02:27:45','2019-12-08 02:32:52',NULL),(69,1,10,'2019-12-08 02:33:08','2019-12-08 12:26:08',NULL),(70,1,10,'2019-12-08 12:29:40','2019-12-08 12:30:29',NULL),(71,1,10,'2019-12-08 12:30:47','2019-12-08 12:32:47',NULL),(72,1,10,'2019-12-08 14:43:00','2019-12-08 15:00:54',NULL),(73,1,10,'2019-12-08 23:46:44','2019-12-08 23:48:04',NULL),(74,1,10,'2019-12-10 20:37:13','2019-12-10 20:38:33',NULL),(75,1,10,'2019-12-12 10:05:32','2019-12-12 11:46:32',NULL),(76,1,8,'2019-12-12 18:06:16','2019-12-12 18:34:13',NULL),(77,1,10,'2019-12-12 18:48:06','2019-12-12 19:24:06',NULL),(78,1,10,'2019-12-13 00:36:50','2019-12-13 00:51:13',NULL),(79,1,10,'2019-12-13 02:47:41','2019-12-13 02:54:53',NULL),(80,1,10,'2019-12-13 03:51:27','2019-12-13 04:49:09',NULL),(81,1,4,'2019-12-13 05:32:48','2019-12-13 06:00:02',NULL),(82,1,4,'2019-12-13 06:18:28','2019-12-13 06:28:41',NULL),(83,1,10,'2019-12-13 12:53:03','2019-12-13 13:10:55',NULL),(84,1,10,'2019-12-13 14:21:40','2019-12-13 16:22:46',NULL),(85,1,10,'2019-12-13 16:50:33','2019-12-13 17:35:11',NULL),(86,1,10,'2019-12-13 17:39:44','2019-12-13 17:49:27',NULL),(87,1,15,'2019-12-13 22:16:00','2019-12-13 22:24:21',NULL),(88,1,15,'2019-12-13 22:43:58','2019-12-13 23:05:15',NULL),(89,1,10,'2019-12-13 23:19:11','2019-12-13 23:36:23',NULL),(90,1,10,'2019-12-14 00:09:45','2019-12-14 00:33:00',NULL),(91,1,10,'2019-12-14 01:05:47','2019-12-14 01:31:05',NULL),(92,1,10,'2019-12-14 01:38:27','2019-12-14 01:50:02',NULL),(93,1,10,'2019-12-14 01:50:10','2019-12-14 01:55:26',NULL),(94,1,10,'2019-12-14 02:11:29','2019-12-14 02:22:35',NULL),(95,1,10,'2019-12-14 16:47:57','2019-12-14 17:01:19',NULL),(96,1,10,'2019-12-14 17:19:26','2019-12-14 17:33:03',NULL),(97,1,10,'2019-12-14 22:18:29','2019-12-14 22:30:04',NULL),(98,1,10,'2019-12-14 22:53:36','2019-12-14 23:16:36',NULL),(99,1,10,'2019-12-15 00:05:09','2019-12-15 00:20:52',NULL),(100,1,10,'2019-12-15 00:43:01','2019-12-15 02:02:19',NULL),(101,1,10,'2019-12-15 09:07:19','2019-12-15 09:21:56',NULL),(102,1,10,'2019-12-15 12:42:25','2019-12-15 13:01:50',NULL),(103,1,10,'2019-12-15 13:19:46','2019-12-15 13:29:36',NULL),(104,1,10,'2019-12-15 13:39:45','2019-12-15 13:40:00',NULL),(105,1,10,'2019-12-15 13:41:49','2019-12-15 13:42:01',NULL),(106,1,10,'2019-12-15 13:42:23','2019-12-15 13:42:57',NULL),(107,1,10,'2019-12-15 13:47:37','2019-12-15 14:03:49',NULL),(108,2,3,'2019-12-15 14:05:11','2019-12-15 14:05:19',NULL),(109,1,10,'2019-12-15 21:58:10','2019-12-15 22:04:26',NULL),(110,1,19,'2019-12-15 23:18:21','2019-12-15 23:43:09',NULL),(111,1,10,'2019-12-16 02:20:44','2019-12-16 02:47:45',NULL),(112,1,18,'2019-12-16 16:25:42','2019-12-16 16:41:19',NULL),(113,1,18,'2019-12-16 19:17:44','2019-12-16 19:17:45',NULL),(114,1,10,'2019-12-16 19:17:58','2019-12-16 19:34:37',NULL),(115,1,10,'2019-12-16 20:12:18','2019-12-16 20:22:12',NULL),(116,1,19,'2019-12-16 20:33:34','2019-12-16 20:49:04',NULL),(117,1,18,'2019-12-16 21:11:29','2019-12-16 21:12:32',NULL),(118,1,10,'2019-12-16 21:12:34','2019-12-16 21:12:39',NULL),(119,1,19,'2019-12-16 23:01:54','2019-12-16 23:31:29',NULL),(120,1,19,'2019-12-16 23:51:54','2019-12-16 23:52:04',NULL),(121,1,19,'2019-12-17 11:43:10','2019-12-17 12:01:00',NULL),(122,1,18,'2019-12-17 15:24:25','2019-12-17 17:35:26',NULL),(123,1,10,'2019-12-17 22:09:01','2019-12-17 22:12:33',NULL),(124,1,10,'2019-12-18 06:32:17','2019-12-18 06:58:49',NULL),(125,1,18,'2019-12-18 20:55:06','2019-12-18 21:44:56',NULL),(126,1,19,'2019-12-18 22:47:47','2019-12-18 23:29:32',NULL),(127,1,19,'2019-12-19 00:39:59','2019-12-19 00:44:19','teste'),(128,1,19,'2019-12-19 00:51:01','2019-12-19 00:51:51','teste'),(129,1,19,'2019-12-19 01:59:06','2019-12-19 02:35:15',NULL),(130,1,19,'2019-12-19 03:05:24','2019-12-19 03:06:14','Fdrgffrddfttfd teste '),(131,1,19,'2019-12-19 06:15:22','2019-12-19 06:37:01',''),(132,1,19,'2019-12-19 14:13:00','2019-12-19 14:29:46',''),(133,1,18,'2019-12-19 16:53:52','2019-12-19 17:27:15','Com o Pedro'),(134,1,8,'2019-12-19 19:48:35','2019-12-19 20:08:05','Colocação do embrião no substrato'),(135,1,19,'2019-12-19 20:53:04','2019-12-19 21:03:35',''),(136,1,19,'2019-12-19 21:23:33','2019-12-19 21:29:22',''),(137,1,19,'2019-12-19 21:30:02','2019-12-19 22:00:22',''),(138,1,19,'2019-12-19 22:39:28','2019-12-19 23:05:45',''),(139,1,19,'2019-12-19 23:23:43','2019-12-19 23:27:33',''),(140,1,19,'2019-12-19 23:39:09','2019-12-19 23:40:36',''),(141,1,19,'2019-12-19 23:43:22','2019-12-19 23:43:43',''),(142,1,19,'2019-12-19 23:43:48','2019-12-19 23:44:25',''),(143,1,19,'2019-12-19 23:46:01','2019-12-19 23:46:13',''),(144,1,19,'2019-12-19 23:46:47','2019-12-19 23:47:11',''),(145,1,19,'2019-12-19 23:48:32','2019-12-19 23:48:44',''),(146,1,19,'2019-12-19 23:49:02','2019-12-19 23:49:12',''),(147,1,19,'2019-12-20 00:00:08','2019-12-20 00:00:16',''),(148,1,19,'2019-12-20 00:11:35','2019-12-20 00:12:08',''),(149,1,19,'2019-12-20 00:12:56','2019-12-20 00:14:04',''),(150,1,10,'2019-12-20 00:15:47','2019-12-20 00:16:30','teste1'),(151,1,10,'2019-12-20 00:23:13','2019-12-20 00:23:25',NULL),(152,1,19,'2019-12-20 00:23:48','2019-12-20 00:24:00',''),(153,1,19,'2019-12-20 00:25:07','2019-12-20 00:25:44',''),(154,1,19,'2019-12-20 00:26:02','2019-12-20 00:27:22',''),(155,1,19,'2019-12-20 00:27:34','2019-12-20 00:27:55',''),(156,1,19,'2019-12-20 00:36:52','2019-12-20 00:39:47',''),(157,1,10,'2019-12-20 00:39:54','2019-12-20 01:03:16',''),(158,1,10,'2019-12-20 01:25:44','2019-12-20 01:29:07',''),(159,1,10,'2019-12-20 01:30:58','2019-12-20 01:31:23',''),(160,1,10,'2019-12-20 01:43:16','2019-12-20 01:44:22',''),(161,1,10,'2019-12-20 01:46:43','2019-12-20 01:59:20',''),(162,1,19,'2019-12-20 02:13:42','2019-12-20 02:26:43',''),(163,1,10,'2019-12-20 02:52:23','2019-12-20 02:57:06',''),(164,1,10,'2019-12-20 02:59:39','2019-12-20 03:00:12',''),(165,1,19,'2019-12-20 13:35:37','2019-12-20 13:50:23',''),(166,1,19,'2019-12-20 14:55:06','2019-12-20 16:18:06',''),(167,1,19,'2019-12-20 16:45:10','2019-12-20 16:54:36',''),(168,1,19,'2019-12-20 18:40:07','2019-12-20 19:27:55',''),(169,1,19,'2019-12-20 19:53:07','2019-12-20 21:27:41',''),(170,1,19,'2019-12-20 23:04:10','2019-12-20 23:42:27',''),(171,1,19,'2019-12-21 00:39:02','2019-12-21 01:05:19',''),(172,1,19,'2019-12-21 01:48:06','2019-12-21 02:03:14',''),(173,1,19,'2019-12-21 02:04:45','2019-12-21 02:57:30',''),(174,1,19,'2019-12-21 03:15:02','2019-12-21 04:24:14',''),(175,1,10,'2019-12-21 05:20:17','2019-12-21 05:29:15',''),(176,1,10,'2019-12-21 10:00:03','2019-12-21 10:22:07',''),(177,1,1,'2019-12-21 15:37:05','2019-12-21 16:03:08',''),(178,1,18,'2019-12-21 17:23:04','2019-12-21 18:44:54',''),(179,1,10,'2019-12-21 19:16:44','2019-12-21 20:19:12',''),(180,1,19,'2019-12-21 21:56:45','2019-12-21 22:22:41',''),(181,1,10,'2019-12-22 02:29:58','2019-12-22 02:42:02',''),(182,1,19,'2019-12-22 13:08:54','2019-12-22 14:34:41',''),(183,1,19,'2019-12-22 14:51:31','2019-12-22 16:40:17','Fundo de investimento'),(184,1,19,'2019-12-22 18:30:19','2019-12-22 20:34:07',''),(185,1,19,'2019-12-22 21:29:38','2019-12-22 21:58:39',''),(186,1,19,'2019-12-22 22:47:22','2019-12-22 23:46:16',''),(187,1,18,'2019-12-23 15:16:12','2019-12-23 15:22:45',''),(188,1,19,'2019-12-23 19:08:54','2019-12-23 19:26:56',''),(189,1,19,'2019-12-23 23:47:43','2019-12-24 00:36:27',''),(190,1,10,'2019-12-24 12:23:09','2019-12-24 13:18:32',''),(191,1,10,'2019-12-25 00:36:50','2019-12-25 02:14:42',''),(192,1,10,'2019-12-25 02:43:57','2019-12-25 02:49:55',''),(193,1,10,'2019-12-25 02:56:06','2019-12-25 03:43:34',''),(194,1,10,'2019-12-25 07:36:25','2019-12-25 08:37:17',''),(195,1,10,'2019-12-25 09:15:18','2019-12-25 10:11:43',''),(196,1,10,'2019-12-25 17:18:08','2019-12-25 17:44:22',''),(197,1,19,'2019-12-25 17:50:23','2019-12-25 18:21:05',''),(198,1,19,'2019-12-25 18:35:51','2019-12-25 18:56:21',''),(199,1,19,'2019-12-26 00:52:03','2019-12-26 00:57:13',''),(200,1,19,'2019-12-26 18:03:23','2019-12-26 18:14:10',''),(201,1,19,'2019-12-26 22:26:26','2019-12-26 23:57:53',''),(202,1,18,'2019-12-27 15:59:51','2019-12-27 16:57:54',''),(203,1,19,'2019-12-27 21:19:24','2019-12-27 21:48:50',''),(204,1,19,'2019-12-27 22:03:56','2019-12-27 22:15:15',''),(205,1,19,'2019-12-27 22:38:57','2019-12-27 23:27:36',''),(206,1,19,'2019-12-27 23:48:01','2019-12-28 02:06:13',''),(207,1,19,'2019-12-28 02:13:13','2019-12-28 02:56:10',''),(208,1,19,'2019-12-28 03:03:06','2019-12-28 03:23:25',''),(209,1,19,'2019-12-28 11:43:12','2019-12-28 12:11:23',''),(210,1,19,'2019-12-28 15:11:57','2019-12-28 17:08:49',''),(211,1,19,'2019-12-28 17:22:04','2019-12-28 18:13:51',''),(212,1,19,'2019-12-28 19:45:49','2019-12-28 20:15:33',''),(213,1,19,'2019-12-28 20:19:41','2019-12-28 20:24:23',''),(214,1,19,'2019-12-28 21:16:38','2019-12-28 23:20:30',''),(215,1,19,'2019-12-28 23:28:04','2019-12-29 00:37:56',''),(216,1,19,'2019-12-29 15:02:12','2019-12-29 15:51:35',''),(217,1,19,'2019-12-29 20:02:13','2019-12-29 21:01:06',''),(218,1,8,'2019-12-29 21:01:44','2019-12-29 21:09:09',''),(219,1,19,'2019-12-29 22:30:09','2019-12-29 23:18:57',''),(220,1,19,'2019-12-29 23:20:56','2019-12-29 23:33:42',''),(221,1,19,'2019-12-29 23:54:52','2019-12-30 00:27:48',''),(222,1,19,'2019-12-30 13:42:17','2019-12-30 14:33:49',''),(223,1,19,'2019-12-30 16:40:42','2019-12-30 17:58:50',''),(224,1,19,'2019-12-30 18:36:40','2019-12-30 19:21:24',''),(225,1,19,'2019-12-30 19:27:01','2019-12-30 20:07:14',''),(226,1,19,'2019-12-30 20:28:47','2019-12-30 20:58:44',''),(227,1,19,'2019-12-30 21:17:35','2019-12-30 22:31:39',''),(228,1,19,'2019-12-30 22:41:16','2019-12-30 23:17:51',''),(229,1,19,'2019-12-30 23:53:44','2019-12-31 00:34:55',''),(230,1,19,'2019-12-31 01:58:23','2019-12-31 02:34:10',''),(231,1,19,'2019-12-31 16:26:36','2019-12-31 16:34:43',''),(232,1,19,'2019-12-31 16:57:03','2019-12-31 17:09:37',''),(233,1,19,'2019-12-31 18:49:18','2019-12-31 19:11:30',''),(234,1,19,'2019-12-31 22:19:28','2019-12-31 22:24:39',''),(235,1,4,'2020-01-01 17:56:38','2020-01-01 18:29:23',''),(236,1,19,'2020-01-01 21:07:38','2020-01-01 21:20:39',''),(237,1,19,'2020-01-01 21:50:15','2020-01-01 22:08:42',''),(238,1,19,'2020-01-01 23:35:12','2020-01-02 00:17:16',''),(239,1,19,'2020-01-03 21:53:37','2020-01-03 22:48:43',''),(240,1,19,'2020-01-04 21:05:42','2020-01-04 21:22:15',''),(241,1,19,'2020-01-05 00:00:13','2020-01-05 00:45:48',''),(242,1,19,'2020-01-05 00:49:52','2020-01-05 00:56:44',''),(243,1,19,'2020-01-05 01:27:57','2020-01-05 02:22:06',''),(244,1,19,'2020-01-05 02:48:41','2020-01-05 03:29:26',''),(245,1,19,'2020-01-05 13:24:25','2020-01-05 15:21:51',''),(246,1,19,'2020-01-05 18:43:37','2020-01-05 19:26:13',''),(247,1,19,'2020-01-05 20:07:15','2020-01-05 20:28:44',''),(248,1,19,'2020-01-05 21:02:40','2020-01-05 21:14:15',''),(249,1,19,'2020-01-05 22:29:05','2020-01-05 22:50:27',''),(250,1,19,'2020-01-06 20:48:55','2020-01-06 21:10:44',''),(251,1,19,'2020-01-06 22:35:06','2020-01-06 22:47:27',''),(252,1,19,'2020-01-06 23:23:53','2020-01-07 01:01:41',''),(253,1,19,'2020-01-07 20:25:58','2020-01-07 21:16:08',''),(254,1,19,'2020-01-07 23:15:27','2020-01-08 00:47:28',''),(255,1,19,'2020-01-08 01:05:38','2020-01-08 02:07:49',''),(256,1,19,'2020-01-08 16:38:45','2020-01-08 16:57:19',''),(257,1,19,'2020-01-08 17:00:21','2020-01-08 17:04:30',''),(258,1,19,'2020-01-08 17:04:36','2020-01-08 17:15:54',''),(259,1,19,'2020-01-08 19:23:49','2020-01-08 19:35:08',''),(260,1,19,'2020-01-08 19:55:18','2020-01-08 21:21:10',''),(261,1,19,'2020-01-09 17:57:23','2020-01-09 18:05:13',''),(262,1,19,'2020-01-10 23:42:05','2020-01-10 23:57:44',''),(263,1,19,'2020-01-11 01:53:29','2020-01-11 02:13:44',''),(264,1,21,'2020-01-11 18:05:57','2020-01-11 22:01:21',''),(265,1,21,'2020-01-11 22:29:59','2020-01-11 23:17:10',''),(266,1,21,'2020-01-12 00:30:22','2020-01-12 03:25:26',''),(267,1,21,'2020-01-12 14:48:36','2020-01-12 15:34:29',''),(268,1,21,'2020-01-12 16:03:10','2020-01-12 16:29:36',''),(269,1,21,'2020-01-12 22:44:50','2020-01-12 23:39:02','');
/*!40000 ALTER TABLE `tabPontos` ENABLE KEYS */;
UNLOCK TABLES;

--
-- Table structure for table `tabVisits`
--

DROP TABLE IF EXISTS `tabVisits`;
/*!40101 SET @saved_cs_client     = @@character_set_client */;
/*!40101 SET character_set_client = utf8 */;
CREATE TABLE `tabVisits` (
  `id` int(11) NOT NULL AUTO_INCREMENT,
  `pag` varchar(32) COLLATE utf8_unicode_ci NOT NULL,
  `day` date NOT NULL,
  `amount` int(11) NOT NULL DEFAULT '1',
  PRIMARY KEY (`id`)
) ENGINE=InnoDB AUTO_INCREMENT=253 DEFAULT CHARSET=utf8 COLLATE=utf8_unicode_ci;
/*!40101 SET character_set_client = @saved_cs_client */;

--
-- Dumping data for table `tabVisits`
--

LOCK TABLES `tabVisits` WRITE;
/*!40000 ALTER TABLE `tabVisits` DISABLE KEYS */;
INSERT INTO `tabVisits` VALUES (10,'ponto_pt','2019-12-20',10),(11,'ponto_pt','2019-12-21',79),(12,'home_pt','2019-12-21',22),(13,'donate_pt','2019-12-21',5),(14,'mission_pt','2019-12-21',6),(15,'jobs_pt','2019-12-21',22),(16,'descritiva_pt','2019-12-21',2),(17,'policy_pt','2019-12-21',8),(18,'budget_pt','2019-12-21',1),(19,'policycook_pt','2019-12-21',27),(20,'policycook_en','2019-12-21',14),(21,'mission_en','2019-12-21',2),(22,'develop_en','2019-12-21',1),(23,'faq_en','2019-12-21',6),(24,'policy_en','2019-12-21',5),(25,'faq_pt','2019-12-21',4),(26,'ponto_en','2019-12-21',16),(27,'fund_pt','2019-12-21',1),(28,'develop_pt','2019-12-21',13),(29,'home_en','2019-12-21',1),(30,'nutri_en','2019-12-21',1),(31,'nutri_pt','2019-12-21',1),(32,'ponto_pt','2019-12-22',34),(33,'mission_pt','2019-12-22',4),(34,'home_pt','2019-12-22',5),(35,'descritiva_pt','2019-12-22',3),(36,'budget_pt','2019-12-22',3),(37,'develop_pt','2019-12-22',2),(38,'fund_pt','2019-12-22',123),(39,'plan_pt','2019-12-22',3),(40,'jobs_pt','2019-12-22',1),(41,'fund_en','2019-12-22',32),(42,'plan_','2019-12-22',2),(43,'plan_en','2019-12-22',2),(44,'fund_pt','2019-12-23',20),(45,'fund_en','2019-12-23',17),(46,'home_pt','2019-12-23',2),(47,'ponto_pt','2019-12-23',16),(48,'donate_pt','2019-12-23',1),(49,'ponto_en','2019-12-23',5),(50,'fund_en','2019-12-24',14),(51,'fund_pt','2019-12-24',12),(52,'ponto_en','2019-12-24',11),(53,'home_pt','2019-12-24',1),(54,'ponto_pt','2019-12-24',2),(55,'ponto_en','2019-12-25',11),(56,'jobs_pt','2019-12-25',1),(57,'fund_pt','2019-12-25',77),(58,'home_pt','2019-12-25',2),(59,'fund_en','2019-12-25',4),(60,'ponto_pt','2019-12-25',12),(61,'donate_pt','2019-12-26',1),(62,'ponto_en','2019-12-26',11),(63,'fund_pt','2019-12-26',2),(64,'fund_en','2019-12-26',1),(65,'ponto_pt','2019-12-26',2),(66,'ponto_en','2019-12-27',15),(67,'ponto_pt','2019-12-27',2),(68,'donate_pt','2019-12-27',1),(69,'donate_en','2019-12-27',1),(70,'home_pt','2019-12-27',1),(71,'ponto_pt','2019-12-28',36),(72,'home_pt','2019-12-28',3),(73,'develop_pt','2019-12-28',1),(74,'fund_pt','2019-12-28',121),(75,'mission_pt','2019-12-28',1),(76,'fund_en','2019-12-28',22),(77,'ponto_en','2019-12-28',4),(78,'mission_en','2019-12-28',1),(79,'fund_pt','2019-12-29',134),(80,'ponto_pt','2019-12-29',18),(81,'home_pt','2019-12-29',4),(82,'fund_en','2019-12-29',11),(83,'ponto_en','2019-12-29',8),(84,'descritiva_pt','2019-12-29',1),(85,'fund_pt','2019-12-30',241),(86,'ponto_pt','2019-12-30',53),(87,'home_pt','2019-12-30',26),(88,'home_en','2019-12-30',6),(89,'policycook_pt','2019-12-30',1),(90,'policy_pt','2019-12-30',6),(91,'mission_pt','2019-12-30',5),(92,'plan_pt','2019-12-30',3),(93,'donate_pt','2019-12-30',1),(94,'fund_pt','2019-12-31',38),(95,'ponto_pt','2019-12-31',19),(96,'home_en','2019-12-31',7),(97,'develop_en','2019-12-31',1),(98,'fund_en','2019-12-31',11),(99,'plan_pt','2019-12-31',1),(100,'mission_pt','2019-12-31',1),(101,'jobs_en','2020-01-01',1),(102,'home_en','2020-01-01',3),(103,'fund_pt','2020-01-01',25),(104,'home__en','2020-01-01',1),(105,'ponto_pt','2020-01-01',15),(106,'descritiva_pt','2020-01-01',2),(107,'mission_pt','2020-01-01',1),(108,'home_pt','2020-01-01',1),(109,'ponto_pt','2020-01-02',5),(110,'donate_en','2020-01-02',2),(111,'donate_pt','2020-01-02',2),(112,'budget_pt','2020-01-02',1),(113,'fund_en','2020-01-02',2),(114,'home_en','2020-01-02',6),(115,'budget_en','2020-01-02',1),(116,'faq_en','2020-01-02',2),(117,'faq_pt','2020-01-02',1),(118,'plan_en','2020-01-02',2),(119,'jobs_en','2020-01-02',1),(120,'jobs_pt','2020-01-02',2),(121,'home_pt','2020-01-02',3),(122,'plan_pt','2020-01-02',2),(123,'fund_pt','2020-01-02',3),(124,'nutri_pt','2020-01-02',1),(125,'mission_pt','2020-01-02',1),(126,'develop_pt','2020-01-02',1),(127,'descritiva_en','2020-01-02',1),(128,'policycook_en','2020-01-02',1),(129,'policycook_pt','2020-01-03',1),(130,'mission_en','2020-01-03',2),(131,'metas_en','2020-01-03',1),(132,'faq_en','2020-01-03',1),(133,'metas_pt','2020-01-03',1),(134,'descritiva_en','2020-01-03',3),(135,'nutri_en','2020-01-03',2),(136,'home_en','2020-01-03',8),(137,'policycook_en','2020-01-03',1),(138,'home_pt','2020-01-03',28),(139,'ponto_pt','2020-01-03',17),(140,'fund_en','2020-01-03',2),(141,'mission_pt','2020-01-03',4),(142,'donate_en','2020-01-03',2),(143,'ponto_en','2020-01-03',1),(144,'budget_pt','2020-01-03',1),(145,'develop_en','2020-01-03',1),(146,'descritiva_pt','2020-01-03',1),(147,'fund_pt','2020-01-03',4),(148,'donate_pt','2020-01-03',2),(149,'home_pt','2020-01-04',5),(150,'descritiva_en','2020-01-04',1),(151,'mission_pt','2020-01-04',1),(152,'fund_pt','2020-01-04',3),(153,'plan_pt','2020-01-04',1),(154,'ponto_pt','2020-01-04',13),(155,'home_en','2020-01-04',3),(156,'home__en','2020-01-04',1),(157,'nutri_en','2020-01-04',1),(158,'policycook_en','2020-01-04',1),(159,'ponto_pt','2020-01-05',51),(160,'fund_pt','2020-01-05',197),(161,'descritiva_en','2020-01-05',1),(162,'faq_pt','2020-01-05',2),(163,'jobs_pt','2020-01-05',3),(164,'donate_pt','2020-01-05',4),(165,'budget_pt','2020-01-05',2),(166,'develop_pt','2020-01-05',1),(167,'home_en','2020-01-05',13),(168,'mission_pt','2020-01-05',2),(169,'fund_en','2020-01-05',12),(170,'develop_en','2020-01-05',1),(171,'ponto_en','2020-01-05',5),(172,'descritiva_pt','2020-01-05',1),(173,'home__en','2020-01-05',1),(174,'jobs_en','2020-01-05',2),(175,'mission_en','2020-01-05',1),(176,'donate_en','2020-01-05',2),(177,'plan_en','2020-01-05',2),(178,'faq_en','2020-01-05',1),(179,'home_pt','2020-01-05',4),(180,'plan_pt','2020-01-05',1),(181,'nutri_en','2020-01-05',1),(182,'budget_en','2020-01-05',1),(183,'nutri_pt','2020-01-05',1),(184,'fund_pt','2020-01-06',29),(185,'donate_pt','2020-01-06',2),(186,'jobs_en','2020-01-06',1),(187,'budget_pt','2020-01-06',1),(188,'descritiva_pt','2020-01-06',2),(189,'budget_en','2020-01-06',1),(190,'mission_pt','2020-01-06',6),(191,'mission_en','2020-01-06',2),(192,'develop_pt','2020-01-06',2),(193,'home_pt','2020-01-06',4),(194,'develop_en','2020-01-06',1),(195,'home_en','2020-01-06',5),(196,'descritiva_en','2020-01-06',1),(197,'jobs_pt','2020-01-06',1),(198,'ponto_pt','2020-01-06',11),(199,'fund_pt','2020-01-07',88),(200,'home_pt','2020-01-07',1),(201,'fund_en','2020-01-07',14),(202,'ponto_pt','2020-01-07',6),(203,'home_en','2020-01-07',12),(204,'home_en','2020-01-07',1),(205,'donate_en','2020-01-07',1),(206,'jobs_en','2020-01-07',2),(207,'home__pt','2020-01-07',1),(208,'ponto_en','2020-01-07',4),(209,'fund_pt','2020-01-08',101),(210,'descritiva_en','2020-01-08',1),(211,'ponto_pt','2020-01-08',31),(212,'budget_pt','2020-01-08',2),(213,'home_en','2020-01-08',8),(214,'fund_en','2020-01-08',2),(215,'mission_pt','2020-01-08',8),(216,'descritiva_pt','2020-01-08',2),(217,'plan_pt','2020-01-08',5),(218,'jobs_pt','2020-01-08',2),(219,'develop_pt','2020-01-08',1),(220,'faq_pt','2020-01-09',1),(221,'ponto_pt','2020-01-09',10),(222,'fund_pt','2020-01-09',3),(223,'develop_en','2020-01-09',2),(224,'fund_en','2020-01-09',5),(225,'home_en','2020-01-09',5),(226,'jobs_en','2020-01-09',1),(227,'mission_pt','2020-01-09',6),(228,'home_pt','2020-01-09',1),(229,'home_en','2020-01-10',4),(230,'descritiva_en','2020-01-10',1),(231,'ponto_pt','2020-01-10',8),(232,'home_pt','2020-01-10',1),(233,'fund_pt','2020-01-10',1),(234,'donate_pt','2020-01-10',1),(235,'nutri_pt','2020-01-10',1),(236,'fund_pt','2020-01-11',6),(237,'ponto_pt','2020-01-11',10),(238,'home__en','2020-01-11',1),(239,'home_pt','2020-01-11',2),(240,'home_en','2020-01-11',12),(241,'mission_en','2020-01-11',1),(242,'descritiva_en','2020-01-11',1),(243,'fund_en','2020-01-11',3),(244,'jobs_en','2020-01-11',1),(245,'ponto_pt','2020-01-12',9),(246,'donate_pt','2020-01-12',1),(247,'home_en','2020-01-12',7),(248,'fund_pt','2020-01-12',1),(249,'fund_en','2020-01-12',2),(250,'descritiva_pt','2020-01-12',1),(251,'plan_en','2020-01-12',1),(252,'develop_en','2020-01-12',1);
/*!40000 ALTER TABLE `tabVisits` ENABLE KEYS */;
UNLOCK TABLES;

--
-- Table structure for table `tabWorkers`
--

DROP TABLE IF EXISTS `tabWorkers`;
/*!40101 SET @saved_cs_client     = @@character_set_client */;
/*!40101 SET character_set_client = utf8 */;
CREATE TABLE `tabWorkers` (
  `id` int(11) NOT NULL AUTO_INCREMENT,
  `Name` tinytext COLLATE utf8_unicode_ci NOT NULL,
  `pass` tinytext COLLATE utf8_unicode_ci NOT NULL,
  `email` tinytext COLLATE utf8_unicode_ci NOT NULL,
  PRIMARY KEY (`id`)
) ENGINE=InnoDB AUTO_INCREMENT=3 DEFAULT CHARSET=utf8 COLLATE=utf8_unicode_ci;
/*!40101 SET character_set_client = @saved_cs_client */;

--
-- Dumping data for table `tabWorkers`
--

LOCK TABLES `tabWorkers` WRITE;
/*!40000 ALTER TABLE `tabWorkers` DISABLE KEYS */;
INSERT INTO `tabWorkers` VALUES (1,'Daniel Chanfana Santos','9990775155C3518A0D7917F7780B24AA','superbem@gmail.com'),(2,'Miguel','6F8F57715090DA2632453988D9A1501B','miguel@gmail.com');
/*!40000 ALTER TABLE `tabWorkers` ENABLE KEYS */;
UNLOCK TABLES;

--
-- Table structure for table `test2`
--

DROP TABLE IF EXISTS `test2`;
/*!40101 SET @saved_cs_client     = @@character_set_client */;
/*!40101 SET character_set_client = utf8 */;
CREATE TABLE `test2` (
  `a1` int(11) NOT NULL,
  `a2` text COLLATE utf8_unicode_ci NOT NULL
) ENGINE=InnoDB DEFAULT CHARSET=utf8 COLLATE=utf8_unicode_ci;
/*!40101 SET character_set_client = @saved_cs_client */;

--
-- Dumping data for table `test2`
--

LOCK TABLES `test2` WRITE;
/*!40000 ALTER TABLE `test2` DISABLE KEYS */;
/*!40000 ALTER TABLE `test2` ENABLE KEYS */;
UNLOCK TABLES;

--
-- Table structure for table `teste`
--

DROP TABLE IF EXISTS `teste`;
/*!40101 SET @saved_cs_client     = @@character_set_client */;
/*!40101 SET character_set_client = utf8 */;
CREATE TABLE `teste` (
  `a` int(11) NOT NULL,
  `b` int(11) NOT NULL,
  `c` int(11) NOT NULL,
  `d` int(11) NOT NULL
) ENGINE=InnoDB DEFAULT CHARSET=utf8 COLLATE=utf8_unicode_ci;
/*!40101 SET character_set_client = @saved_cs_client */;

--
-- Dumping data for table `teste`
--

LOCK TABLES `teste` WRITE;
/*!40000 ALTER TABLE `teste` DISABLE KEYS */;
INSERT INTO `teste` VALUES (1,2,3,3),(2,2,2,2),(3,3,3,3),(4,4,4,4),(10,10,10,10),(11,11,11,11),(12,12,12,12),(13,13,13,13);
/*!40000 ALTER TABLE `teste` ENABLE KEYS */;
UNLOCK TABLES;
/*!40103 SET TIME_ZONE=@OLD_TIME_ZONE */;

/*!40101 SET SQL_MODE=@OLD_SQL_MODE */;
/*!40014 SET FOREIGN_KEY_CHECKS=@OLD_FOREIGN_KEY_CHECKS */;
/*!40014 SET UNIQUE_CHECKS=@OLD_UNIQUE_CHECKS */;
/*!40101 SET CHARACTER_SET_CLIENT=@OLD_CHARACTER_SET_CLIENT */;
/*!40101 SET CHARACTER_SET_RESULTS=@OLD_CHARACTER_SET_RESULTS */;
/*!40101 SET COLLATION_CONNECTION=@OLD_COLLATION_CONNECTION */;
/*!40111 SET SQL_NOTES=@OLD_SQL_NOTES */;

-- Dump completed on 2020-01-13  0:01:58
